Id,risk_class
1,Low
2,Low
3,Medium
4,High
5,High
6,Medium
7,Low
8,Medium
9,Medium
10,Low
11,Low
12,Medium
13,Low
14,High
15,Medium
16,Critical
17,Medium
18,Medium
19,Medium
20,Critical
21,Low
22,Low
23,Medium
24,Low
25,Low
26,Low
27,Low
28,Medium
29,Medium
30,Medium
31,Medium
32,Medium
33,Medium
34,Low
35,Low
36,Low
37,Medium
38,Medium
39,Low
40,Medium
41,Low
42,High
43,High
44,Low
45,Low
46,Medium
47,Low
48,Medium
49,Low
50,Critical
51,Low
52,Low
53,Low
54,Critical
55,Low
56,Low
57,Low
58,Low
59,Medium
60,Low
61,Low
62,Low
63,Critical
64,Low
65,Low
66,Low
67,Low
68,Medium
69,Medium
70,Low
71,Low
72,Low
73,Medium
74,Medium
75,Medium
76,Low
77,Low
78,Low
79,Medium
80,Medium
81,Low
82,Medium
83,Low
84,Low
85,Critical
86,Low
87,Low
88,Critical
89,Low
90,Low
91,Low
92,Medium
93,Low
94,Medium
95,Medium
96,Medium
97,Low
98,Low
99,Medium
100,Critical
101,Medium
102,Low
103,Low
104,Low
105,Low
106,Medium
107,High
108,Medium
109,Low
110,Medium
111,Critical
112,Medium
113,Low
114,Low
115,Low
116,Low
117,Medium
118,Low
119,Low
120,High
121,Medium
122,Medium
123,Low
124,Low
125,Medium
126,Low
127,High
128,Low
129,Low
130,Medium
131,High
132,Low
133,Low
134,High
135,Low
136,Low
137,Low
138,Low
139,Low
140,Low
141,Medium
142,Low
143,Low
144,Medium
145,Low
146,Low
147,Low
148,Medium
149,Low
150,Low
151,Low
152,Medium
153,Low
154,Critical
155,Low
156,Low
157,Low
158,Low
159,Low
160,Low
161,Low
162,High
163,Low
164,Low
165,Low
166,Low
167,Medium
168,High
169,Medium
170,Low
171,Low
172,Low
173,Low
174,Low
175,Low
176,High
177,Low
178,Low
179,Low
180,Low
181,Low
182,Medium
183,Low
184,Medium
185,Low
186,High
187,High
188,Low
189,Medium
190,Low
191,Low
192,Low
193,Low
194,High
195,Low
196,Medium
197,Medium
198,Low
199,Medium
200,Low
201,Low
202,Low
203,Medium
204,Low
205,Low
206,Medium
207,Medium
208,Low
209,Low
210,Low
211,Low
212,Low
213,Medium
214,Low
215,Low
216,Medium
217,High
218,Low
219,Medium
220,Critical
221,Low
222,Medium
223,Medium
224,Critical
225,Low
226,Low
227,Low
228,Medium
229,High
230,Critical
231,Critical
232,Low
233,Low
234,Low
235,Medium
236,Low
237,Low
238,Medium
239,Medium
240,Low
241,High
242,High
243,Medium
244,Low
245,Low
246,Medium
247,High
248,Low
249,Critical
250,Low
251,Medium
252,Medium
253,High
254,Low
255,Medium
256,Low
257,High
258,Medium
259,Medium
260,Medium
261,Critical
262,Low
263,Low
264,Medium
265,Medium
266,Medium
267,Low
268,Low
269,Low
270,Low
271,Low
272,Low
273,Medium
274,Medium
275,Medium
276,Medium
277,Low
278,Low
279,Low
280,Medium
281,Low
282,Low
283,Low
284,Low
285,Low
286,Medium
287,Low
288,Low
289,Low
290,Low
291,Low
292,Low
293,Medium
294,Medium
295,Low
296,Medium
297,Low
298,High
299,Medium
300,Low
301,Low
302,Low
303,Low
304,Low
305,Low
306,Medium
307,Medium
308,Low
309,Low
310,High
311,Low
312,Low
313,Medium
314,High
315,Medium
316,High
317,Low
318,Medium
319,Low
320,High
321,Low
322,Low
323,Medium
324,Medium
325,Low
326,Medium
327,High
328,Critical
329,Medium
330,Low
331,Low
332,Low
333,Low
334,Critical
335,Medium
336,Medium
337,Low
338,Medium
339,Low
340,Low
341,Low
342,Medium
343,Low
344,Low
345,Low
346,Low
347,Medium
348,Low
349,Low
350,Critical
351,Medium
352,Critical
353,Medium
354,Low
355,Medium
356,Low
357,Medium
358,Low
359,Medium
360,Low
361,Low
362,Medium
363,Medium
364,Low
365,Low
366,Low
367,Low
368,Low
369,Low
370,Low
371,Medium
372,Low
373,Low
374,Low
375,Medium
376,Medium
377,Medium
378,Medium
379,Low
380,Low
381,Medium
382,Low
383,High
384,Low
385,Low
386,Medium
387,High
388,Medium
389,Low
390,High
391,Medium
392,Medium
393,Low
394,Low
395,Low
396,Low
397,High
398,Low
399,High
400,Low
401,Medium
402,Low
403,Medium
404,Medium
405,Medium
406,Medium
407,Medium
408,Low
409,Low
410,High
411,Low
412,Low
413,Low
414,Low
415,Low
416,Low
417,Low
418,Medium
419,Low
420,Low
421,Low
422,High
423,Low
424,Medium
425,Medium
426,Medium
427,Low
428,Low
429,Medium
430,High
431,Low
432,Low
433,Low
434,Low
435,Medium
436,Low
437,Medium
438,Low
439,Low
440,High
441,Low
442,Low
443,Low
444,Medium
445,Low
446,Low
447,Low
448,Medium
449,High
450,High
451,Low
452,Low
453,Low
454,Medium
455,Medium
456,High
457,Medium
458,Low
459,Low
460,Low
461,Low
462,Low
463,Medium
464,Low
465,Low
466,Medium
467,High
468,Low
469,Low
470,Low
471,Low
472,Medium
473,Low
474,Medium
475,Medium
476,Low
477,Medium
478,Medium
479,Medium
480,Low
481,High
482,Low
483,Medium
484,Low
485,High
486,Low
487,High
488,Low
489,Low
490,Low
491,Medium
492,Low
493,Medium
494,Low
495,Medium
496,High
497,Low
498,Low
499,Medium
500,Medium
501,Medium
502,High
503,Medium
504,Low
505,Medium
506,Medium
507,Medium
508,Medium
509,Medium
510,Low
511,Critical
512,Medium
513,Medium
514,Medium
515,Medium
516,Low
517,Medium
518,Medium
519,Medium
520,Medium
521,Low
522,Low
523,Low
524,Medium
525,Medium
526,Medium
527,Medium
528,Low
529,Low
530,Low
531,Low
532,Low
533,Low
534,High
535,Medium
536,Low
537,Low
538,Medium
539,Medium
540,Low
541,High
542,High
543,Low
544,Medium
545,Critical
546,Low
547,Medium
548,Low
549,Low
550,Low
551,Low
552,Medium
553,High
554,Medium
555,Low
556,Critical
557,Medium
558,Low
559,Medium
560,Medium
561,Low
562,Low
563,Medium
564,Low
565,Low
566,Low
567,Critical
568,Medium
569,Low
570,Medium
571,Low
572,Low
573,Medium
574,Low
575,Low
576,High
577,Low
578,High
579,Medium
580,Low
581,Medium
582,Low
583,High
584,High
585,Low
586,Medium
587,Medium
588,Medium
589,Low
590,Low
591,Medium
592,Medium
593,Low
594,Low
595,Low
596,Low
597,Low
598,Low
599,Low
600,Low
601,Medium
602,Low
603,Low
604,Medium
605,Low
606,Medium
607,High
608,High
609,Low
610,Medium
611,High
612,Medium
613,Medium
614,High
615,Low
616,Low
617,Low
618,Medium
619,Low
620,Low
621,Medium
622,Low
623,High
624,Low
625,Low
626,Low
627,Medium
628,Low
629,Critical
630,Medium
631,Low
632,Medium
633,Low
634,Medium
635,Low
636,Low
637,Low
638,Low
639,Medium
640,Medium
641,Low
642,High
643,Low
644,Low
645,High
646,Medium
647,Medium
648,Medium
649,Low
650,Medium
651,Low
652,Low
653,Low
654,Low
655,Low
656,Low
657,Low
658,Low
659,Medium
660,Low
661,Low
662,Low
663,Low
664,Medium
665,Medium
666,High
667,Low
668,Medium
669,Medium
670,High
671,Low
672,Low
673,Low
674,High
675,Critical
676,Medium
677,Low
678,Medium
679,Low
680,Low
681,Medium
682,Low
683,Medium
684,Low
685,Low
686,Medium
687,Low
688,Low
689,High
690,Low
691,Low
692,Medium
693,High
694,Low
695,High
696,Low
697,Low
698,Low
699,Medium
700,Low
701,Medium
702,Medium
703,Low
704,Medium
705,Critical
706,Critical
707,High
708,Medium
709,Low
710,Medium
711,Low
712,High
713,Low
714,Medium
715,Low
716,Low
717,Medium
718,Low
719,Low
720,Low
721,Low
722,High
723,High
724,Low
725,Medium
726,Medium
727,Low
728,Medium
729,Medium
730,Low
731,High
732,Medium
733,Medium
734,High
735,Low
736,Low
737,Medium
738,Low
739,Low
740,Medium
741,Medium
742,Low
743,Low
744,Critical
745,Medium
746,High
747,Low
748,Low
749,High
750,Medium
751,High
752,Low
753,Medium
754,Low
755,Medium
756,Critical
757,Low
758,Low
759,Medium
760,Medium
761,Low
762,Low
763,Medium
764,Low
765,Low
766,Medium
767,Low
768,Low
769,Low
770,Low
771,Low
772,High
773,Low
774,Low
775,Medium
776,Low
777,Low
778,Low
779,Medium
780,Low
781,High
782,Low
783,Low
784,Low
785,Low
786,Low
787,Low
788,Medium
789,Low
790,Low
791,Low
792,High
793,Medium
794,Medium
795,High
796,Medium
797,Medium
798,Low
799,Low
800,High
801,Medium
802,Low
803,Low
804,High
805,Medium
806,Medium
807,Low
808,Medium
809,Low
810,Low
811,Medium
812,Medium
813,Medium
814,Low
815,Medium
816,High
817,Low
818,Medium
819,Low
820,Medium
821,Low
822,Medium
823,Medium
824,Medium
825,Low
826,Low
827,Low
828,Medium
829,Low
830,Low
831,High
832,High
833,Low
834,Low
835,Low
836,Low
837,Medium
838,Critical
839,Low
840,Low
841,High
842,Medium
843,Low
844,High
845,Low
846,Low
847,Low
848,Medium
849,Low
850,Low
851,Low
852,Low
853,Low
854,Medium
855,Medium
856,Medium
857,Medium
858,Medium
859,Medium
860,High
861,Medium
862,Low
863,Low
864,Low
865,Low
866,Low
867,Low
868,Low
869,Low
870,Low
871,Low
872,Low
873,Low
874,High
875,Medium
876,Low
877,Low
878,High
879,Low
880,Medium
881,Low
882,Low
883,High
884,Low
885,Low
886,Low
887,Low
888,Low
889,Medium
890,Low
891,Medium
892,Low
893,Low
894,Low
895,High
896,High
897,Medium
898,Medium
899,Low
900,Medium
901,Medium
902,Low
903,Low
904,Medium
905,Low
906,Medium
907,Low
908,Low
909,Low
910,Low
911,High
912,Low
913,High
914,Low
915,Low
916,Medium
917,Medium
918,Low
919,Low
920,Medium
921,Medium
922,Low
923,Medium
924,High
925,Low
926,Medium
927,Medium
928,Low
929,Low
930,Low
931,Low
932,Low
933,Medium
934,Medium
935,Low
936,Low
937,Low
938,Low
939,Low
940,Low
941,Low
942,Low
943,High
944,Low
945,Medium
946,Medium
947,Critical
948,Low
949,High
950,Low
951,Low
952,Low
953,Low
954,Low
955,Low
956,Low
957,Low
958,High
959,Medium
960,Low
961,Low
962,Low
963,Low
964,Medium
965,Medium
966,Low
967,Low
968,Medium
969,Low
970,Medium
971,Medium
972,Low
973,Low
974,High
975,Medium
976,Critical
977,Medium
978,Medium
979,Medium
980,Medium
981,Low
982,Medium
983,Medium
984,Medium
985,Low
986,Low
987,Low
988,Medium
989,Low
990,Medium
991,Low
992,Low
993,High
994,High
995,Medium
996,Low
997,Medium
998,Low
999,Low
1000,High
